{"cameraMode":{"drawMode":0,"name":"Shaded","section":"Shading Mode"},"sceneLighting":true,"audioPlay":false,"sceneViewState":{"m_AlwaysRefresh":false,"showFog":true,"showSkybox":true,"showFlares":true,"showImageEffects":true,"showParticleSystems":true,"showVisualEffectGraphs":true,"m_FxEnabled":true},"in2DMode":false,"pivot":{"x":2.125108480453491,"y":8.27885627746582,"z":5.158913612365723},"rotation":{"x":-0.0023107596207410099,"y":-0.8327471017837524,"z":0.5544350147247315,"w":-0.0028346641920506956},"size":40.211334228515628,"orthographic":false}